lead_id,creator_name,creator_segment,country_iso2,primary_language,primary_platform,profile_url,stable_creator_id,website_url,followers_or_subscribers,last_content_date,recent_content_url,content_count_30d,longform_count_60d,monetization_signal,monetization_evidence_url,incubrix_need,need_evidence_url,business_contact_type,business_contact,contact_evidence_url,country_evidence_url,language_evidence_url,checked_date,priority,personalization_hook,candidate_status,rejection_reason,duplicate_check,completeness_check
YT-UCX4aZNe-cRT2Xhv81IBLKMA,AI Tech USA,youtuber,US,english,YouTube,https://www.youtube.com/channel/UCX4aZNe-cRT2Xhv81IBLKMA,UCX4aZNe-cRT2Xhv81IBLKMA,,,,,4,0,false,,true,https://www.youtube.com/watch?v=4Wh2kzUtvbQ,,,,https://www.youtube.com/channel/UCX4aZNe-cRT2Xhv81IBLKMA,https://www.youtube.com/watch?v=4Wh2kzUtvbQ,2026-09-03,,,rejected,Activity requirement not satisfied; Commercial activity evidence is missing; Verified public business contact is missing,unique,
YT-UCBJycsmduvYEL83R_U4JriQ,Marques Brownlee,youtuber,US,english,YouTube,https://www.youtube.com/channel/UCBJycsmduvYEL83R_U4JriQ,UCBJycsmduvYEL83R_U4JriQ,,,,,4,6,true,https://www.youtube.com/watch?v=mfmdXPT7nAM,false,,business_email,business@mkbhd.com,https://www.youtube.com/channel/UCBJycsmduvYEL83R_U4JriQ,https://www.youtube.com/channel/UCBJycsmduvYEL83R_U4JriQ,https://www.youtube.com/watch?v=ngPkbaZliaU,2026-09-03,,,rejected,IncuBrix need evidence is missing,unique,
YT-UCMiJRAwDNSNzuYeN2uWa0pA,Mrwhosetheboss,youtuber,GB,english,YouTube,https://www.youtube.com/channel/UCMiJRAwDNSNzuYeN2uWa0pA,UCMiJRAwDNSNzuYeN2uWa0pA,,,,,4,7,true,https://www.youtube.com/watch?v=DNRYkBMaf3Y,false,,,,,https://www.youtube.com/channel/UCMiJRAwDNSNzuYeN2uWa0pA,https://www.youtube.com/watch?v=DNRYkBMaf3Y,2026-09-03,,,rejected,IncuBrix need evidence is missing; Verified public business contact is missing,unique,
YT-UCFAiFyGs6oDiF1Nf-rRJpZA,Technoblade,youtuber,US,english,YouTube,https://www.youtube.com/channel/UCFAiFyGs6oDiF1Nf-rRJpZA,UCFAiFyGs6oDiF1Nf-rRJpZA,,,,,0,0,false,,false,,,,,https://www.youtube.com/channel/UCFAiFyGs6oDiF1Nf-rRJpZA,https://www.youtube.com/watch?v=u7mknvjcxP0,2026-09-03,,,rejected,Activity requirement not satisfied; Commercial activity evidence is missing; IncuBrix need evidence is missing; Verified public business contact is missing,unique,
YT-UCUDJ4X9gaROCMDmIX0sex4A,USA Super Hub,youtuber,US,,YouTube,https://www.youtube.com/channel/UCUDJ4X9gaROCMDmIX0sex4A,UCUDJ4X9gaROCMDmIX0sex4A,,,,,1,0,false,,false,,,,,https://www.youtube.com/channel/UCUDJ4X9gaROCMDmIX0sex4A,,2026-09-03,,,rejected,Recent content is not mainly in English; Activity requirement not satisfied; Commercial activity evidence is missing; IncuBrix need evidence is missing; Verified public business contact is missing; Required workbook fields are incomplete,unique,
YT-UCXuqSBlHAE6Xw-yeJA0Tunw,Linus Tech Tips,youtuber,CA,english,YouTube,https://www.youtube.com/channel/UCXuqSBlHAE6Xw-yeJA0Tunw,UCXuqSBlHAE6Xw-yeJA0Tunw,,,,,27,33,true,https://www.youtube.com/watch?v=fX-g6XNrkiA,false,,business_email,partnerships@linusmediagroup.com,https://www.youtube.com/channel/UCXuqSBlHAE6Xw-yeJA0Tunw,https://www.youtube.com/channel/UCXuqSBlHAE6Xw-yeJA0Tunw,https://www.youtube.com/watch?v=fX-g6XNrkiA,2026-09-03,,,rejected,IncuBrix need evidence is missing,unique,
YT-UCGttrUON87gWfU6dMWm1fcA,Tucker Carlson,youtuber,US,english,YouTube,https://www.youtube.com/channel/UCGttrUON87gWfU6dMWm1fcA,UCGttrUON87gWfU6dMWm1fcA,,,,,50,5,true,https://www.youtube.com/watch?v=Y0-nwlJFNl8,false,,,,,https://www.youtube.com/channel/UCGttrUON87gWfU6dMWm1fcA,https://www.youtube.com/watch?v=g5o04PvFBEk,2026-09-03,,,rejected,IncuBrix need evidence is missing; Verified public business contact is missing,unique,
YT-UCsTGLo5pMrdf8RRuW4dzpDg,Ai Vision America,expert_led_creator,US,,YouTube,https://www.youtube.com/channel/UCsTGLo5pMrdf8RRuW4dzpDg,UCsTGLo5pMrdf8RRuW4dzpDg,,,,,1,0,false,,false,,,,,https://www.youtube.com/channel/UCsTGLo5pMrdf8RRuW4dzpDg,,2026-09-03,,,rejected,Recent content is not mainly in English; Activity requirement not satisfied; Commercial activity evidence is missing; IncuBrix need evidence is missing; Verified public business contact is missing; Required workbook fields are incomplete,unique,
YT-UCz6PEeVLG1TL6jMRTvSLm4g,Matt Talks Tech,youtuber,GB,english,YouTube,https://www.youtube.com/channel/UCz6PEeVLG1TL6jMRTvSLm4g,UCz6PEeVLG1TL6jMRTvSLm4g,,,,,32,28,false,,true,https://www.youtube.com/watch?v=WnVgyxJu9aM,business_email,contact@matttalkstech.com,https://www.youtube.com/channel/UCz6PEeVLG1TL6jMRTvSLm4g,https://www.youtube.com/channel/UCz6PEeVLG1TL6jMRTvSLm4g,https://www.youtube.com/watch?v=hv1Zmk2w9u8,2026-09-03,,,rejected,Commercial activity evidence is missing,unique,
YT-UCWjgzVRdoEaZxiF_kVbrtsA,Tech Talk America,expert_led_creator,US,english,YouTube,https://www.youtube.com/channel/UCWjgzVRdoEaZxiF_kVbrtsA,UCWjgzVRdoEaZxiF_kVbrtsA,,,,,0,1,true,https://www.youtube.com/watch?v=UdWylnslxOs,true,https://www.youtube.com/watch?v=rfdmDeZ-ri0,,,,https://www.youtube.com/channel/UCWjgzVRdoEaZxiF_kVbrtsA,https://www.youtube.com/watch?v=yieHFRQmXs8,2026-09-03,,,rejected,Activity requirement not satisfied; Verified public business contact is missing,unique,
YT-UCkHx1PJa-RaIbDwGbgrNjQQ,Bill The Technology Reviewer,youtuber,US,,YouTube,https://www.youtube.com/channel/UCkHx1PJa-RaIbDwGbgrNjQQ,UCkHx1PJa-RaIbDwGbgrNjQQ,,,,,10,17,true,https://www.youtube.com/watch?v=GoDPpMu6_8I,false,,,,,https://www.youtube.com/channel/UCkHx1PJa-RaIbDwGbgrNjQQ,,2026-09-03,,,rejected,Recent content is not mainly in English; IncuBrix need evidence is missing; Verified public business contact is missing; Required workbook fields are incomplete,unique,
YT-UCLdcPBVJrDHCDOkQfznEZew,Rome Reviews Tech,youtuber,US,english,YouTube,https://www.youtube.com/channel/UCLdcPBVJrDHCDOkQfznEZew,UCLdcPBVJrDHCDOkQfznEZew,,,,,13,13,true,https://www.youtube.com/watch?v=Qu5Lh_YVXlo,false,,,,,https://www.youtube.com/channel/UCLdcPBVJrDHCDOkQfznEZew,https://www.youtube.com/watch?v=Qu5Lh_YVXlo,2026-09-03,,,rejected,IncuBrix need evidence is missing; Verified public business contact is missing,unique,
YT-UCWdby8DQ9aDSPnnJGWKh4vA,Type-C Tech Reviews,youtuber,US,english,YouTube,https://www.youtube.com/channel/UCWdby8DQ9aDSPnnJGWKh4vA,UCWdby8DQ9aDSPnnJGWKh4vA,,,,,0,0,true,https://www.youtube.com/watch?v=IbTwNPV5574,true,https://www.youtube.com/watch?v=IbTwNPV5574,,,,https://www.youtube.com/channel/UCWdby8DQ9aDSPnnJGWKh4vA,https://www.youtube.com/watch?v=IbTwNPV5574,2026-09-03,,,rejected,Activity requirement not satisfied; Verified public business contact is missing,unique,
YT-UCzqlzMvlYyWVxFcNMZYzE0g,Consumer Tech Review,youtuber,US,english,YouTube,https://www.youtube.com/channel/UCzqlzMvlYyWVxFcNMZYzE0g,UCzqlzMvlYyWVxFcNMZYzE0g,,,,,0,0,true,https://www.youtube.com/watch?v=zLG730s-B40,true,https://www.youtube.com/watch?v=_fthGXcfN34,,,,https://www.youtube.com/channel/UCzqlzMvlYyWVxFcNMZYzE0g,https://www.youtube.com/watch?v=zLG730s-B40,2026-09-03,,,rejected,Activity requirement not satisfied; Verified public business contact is missing,unique,
YT-UCBkHr077SNUiG8Q2grzIWbQ,"King of California, Kiki the Creator",youtuber,US,english,YouTube,https://www.youtube.com/channel/UCBkHr077SNUiG8Q2grzIWbQ,UCBkHr077SNUiG8Q2grzIWbQ,,,,,0,0,false,,false,,,,,https://www.youtube.com/channel/UCBkHr077SNUiG8Q2grzIWbQ,https://www.youtube.com/watch?v=h0GSc2_xmKM,2026-09-03,,,rejected,Activity requirement not satisfied; Commercial activity evidence is missing; IncuBrix need evidence is missing; Verified public business contact is missing,unique,
YT-UC-DRzaGnL_vtBUpCFH5M0tg,TBPN,youtuber,US,english,YouTube,https://www.youtube.com/channel/UC-DRzaGnL_vtBUpCFH5M0tg,UC-DRzaGnL_vtBUpCFH5M0tg,,,,,39,30,false,,true,https://www.youtube.com/watch?v=esyg1iS8zUA,,,,https://www.youtube.com/channel/UC-DRzaGnL_vtBUpCFH5M0tg,https://www.youtube.com/watch?v=KSMUfitBmpc,2026-09-03,,,rejected,Commercial activity evidence is missing; Verified public business contact is missing,unique,
YT-UCyZKWAiC8xBgQI8k880r2wg,AI Creator viral,youtuber,US,english,YouTube,https://www.youtube.com/channel/UCyZKWAiC8xBgQI8k880r2wg,UCyZKWAiC8xBgQI8k880r2wg,,,,,0,0,false,,false,,,,,https://www.youtube.com/channel/UCyZKWAiC8xBgQI8k880r2wg,https://www.youtube.com/watch?v=0W-AslEHas4,2026-09-03,,,rejected,Activity requirement not satisfied; Commercial activity evidence is missing; IncuBrix need evidence is missing; Verified public business contact is missing,unique,
YT-UCcL4mP0NDlULoExPQKkd-4w,CA Technologies USA,youtuber,US,english,YouTube,https://www.youtube.com/channel/UCcL4mP0NDlULoExPQKkd-4w,UCcL4mP0NDlULoExPQKkd-4w,,,,,19,0,true,https://www.youtube.com/watch?v=xqKuRzJzSVM,false,,,,,https://www.youtube.com/channel/UCcL4mP0NDlULoExPQKkd-4w,https://www.youtube.com/watch?v=twP6RR-DzFc,2026-09-03,,,rejected,IncuBrix need evidence is missing; Verified public business contact is missing,unique,
YT-UCuJQ1_EIWlN2AEQBCTqwaVg,Caldruki,youtuber,US,english,YouTube,https://www.youtube.com/channel/UCuJQ1_EIWlN2AEQBCTqwaVg,UCuJQ1_EIWlN2AEQBCTqwaVg,,,,,48,0,false,,false,,business_email,calzoski123@gmail.com,https://www.youtube.com/channel/UCuJQ1_EIWlN2AEQBCTqwaVg,https://www.youtube.com/channel/UCuJQ1_EIWlN2AEQBCTqwaVg,https://www.youtube.com/watch?v=2PJ03MERnyA,2026-09-03,,,rejected,Commercial activity evidence is missing; IncuBrix need evidence is missing,unique,
YT-UC1hiI8TEoA0db5HhU4gbsUg,MobileReviewsEh,youtuber,CA,english,YouTube,https://www.youtube.com/channel/UC1hiI8TEoA0db5HhU4gbsUg,UC1hiI8TEoA0db5HhU4gbsUg,,,,,1,2,true,https://www.youtube.com/watch?v=UOCSfPldM6s,false,,website_business_email,kelly@athand.co.kr,https://www.mobilereviews-eh.ca/about-us/,https://www.youtube.com/channel/UC1hiI8TEoA0db5HhU4gbsUg,https://www.youtube.com/watch?v=UOCSfPldM6s,2026-09-03,,,rejected,IncuBrix need evidence is missing,unique,
YT-UC50xPFPma-nCS5GZpAFukpQ,Trek Trendy,youtuber,GB,english,YouTube,https://www.youtube.com/channel/UC50xPFPma-nCS5GZpAFukpQ,UC50xPFPma-nCS5GZpAFukpQ,,,,,1,2,true,https://www.youtube.com/watch?v=hIDWXX_QIEM,false,,,,,https://www.youtube.com/channel/UC50xPFPma-nCS5GZpAFukpQ,https://www.youtube.com/watch?v=hIDWXX_QIEM,2026-09-03,,,rejected,IncuBrix need evidence is missing; Verified public business contact is missing,unique,
YT-UChVCar2iVd4Hxv8T6g9lAxg,Amazon Tech Reviews CA,youtuber,CA,,YouTube,https://www.youtube.com/channel/UChVCar2iVd4Hxv8T6g9lAxg,UChVCar2iVd4Hxv8T6g9lAxg,,,,,0,0,false,,false,,,,,https://www.youtube.com/channel/UChVCar2iVd4Hxv8T6g9lAxg,,2026-09-03,,,rejected,Recent content is not mainly in English; Activity requirement not satisfied; Commercial activity evidence is missing; IncuBrix need evidence is missing; Verified public business contact is missing; Required workbook fields are incomplete,unique,
YT-UCh8U5zs0ar-o2SpImGy_6wg,GOAT Reviews,youtuber,AU,english,YouTube,https://www.youtube.com/channel/UCh8U5zs0ar-o2SpImGy_6wg,UCh8U5zs0ar-o2SpImGy_6wg,,,,,0,0,true,https://www.youtube.com/watch?v=UffEMYwMgxM,false,,,,,https://www.youtube.com/channel/UCh8U5zs0ar-o2SpImGy_6wg,https://www.youtube.com/watch?v=UffEMYwMgxM,2026-09-03,,,rejected,Activity requirement not satisfied; IncuBrix need evidence is missing; Verified public business contact is missing,unique,
YT-UCOX55m8Y0uuMVkohw3t03UQ,URTechDotCa,expert_led_creator,CA,english,YouTube,https://www.youtube.com/channel/UCOX55m8Y0uuMVkohw3t03UQ,UCOX55m8Y0uuMVkohw3t03UQ,,,,,7,5,true,https://www.youtube.com/watch?v=JC1ln-m4aLM,true,https://www.youtube.com/watch?v=gP0VfHzz5lE,,,,https://www.youtube.com/channel/UCOX55m8Y0uuMVkohw3t03UQ,https://www.youtube.com/watch?v=QotrRD1JnrY,2026-09-03,,,rejected,Verified public business contact is missing,unique,
YT-UCxX9wt5FWQUAAz4UrysqK9A,CS Dojo,expert_led_creator,CA,english,YouTube,https://www.youtube.com/channel/UCxX9wt5FWQUAAz4UrysqK9A,UCxX9wt5FWQUAAz4UrysqK9A,,,,,0,0,false,,true,https://www.youtube.com/watch?v=hiISl558JGE,website_business_email,user@domain.com,https://www.csdojo.io/contact/,https://www.youtube.com/channel/UCxX9wt5FWQUAAz4UrysqK9A,https://www.youtube.com/watch?v=hiISl558JGE,2026-09-03,,,rejected,Activity requirement not satisfied; Commercial activity evidence is missing,unique,
YT-UC0icYK7vhQxoG20U0PRDivg,Cluely,youtuber,US,english,YouTube,https://www.youtube.com/channel/UC0icYK7vhQxoG20U0PRDivg,UC0icYK7vhQxoG20U0PRDivg,,,,,4,0,false,,false,,,,,https://www.youtube.com/channel/UC0icYK7vhQxoG20U0PRDivg,https://www.youtube.com/watch?v=iL-IiBO0eT4,2026-09-03,,,rejected,Activity requirement not satisfied; Commercial activity evidence is missing; IncuBrix need evidence is missing; Verified public business contact is missing,unique,
YT-UCbb3a5vAvdkbeWqMW8shhLQ,Ultimate Coders,expert_led_creator,CA,english,YouTube,https://www.youtube.com/channel/UCbb3a5vAvdkbeWqMW8shhLQ,UCbb3a5vAvdkbeWqMW8shhLQ,,,,,0,0,false,,false,,,,,https://www.youtube.com/channel/UCbb3a5vAvdkbeWqMW8shhLQ,https://www.youtube.com/watch?v=KZ2RN8MWyqI,2026-09-03,,,rejected,Activity requirement not satisfied; Commercial activity evidence is missing; IncuBrix need evidence is missing; Verified public business contact is missing,unique,
YT-UCLe_q9axMaeTbjN0hy1Z9xA,Caleb Hammer,video_podcaster,US,english,YouTube,https://www.youtube.com/channel/UCLe_q9axMaeTbjN0hy1Z9xA,UCLe_q9axMaeTbjN0hy1Z9xA,,,,,50,5,true,https://www.youtube.com/watch?v=XHabD-q5QfQ,false,,,,,https://www.youtube.com/channel/UCLe_q9axMaeTbjN0hy1Z9xA,https://www.youtube.com/watch?v=XHabD-q5QfQ,2026-09-03,,,rejected,IncuBrix need evidence is missing; Verified public business contact is missing,unique,
YT-UCxDjgnY67DSPwjNRInU0IiA,___spicycc,expert_led_creator,US,,YouTube,https://www.youtube.com/channel/UCxDjgnY67DSPwjNRInU0IiA,UCxDjgnY67DSPwjNRInU0IiA,,,,,0,0,false,,false,,,,,https://www.youtube.com/channel/UCxDjgnY67DSPwjNRInU0IiA,,2026-09-03,,,rejected,Recent content is not mainly in English; Activity requirement not satisfied; Commercial activity evidence is missing; IncuBrix need evidence is missing; Verified public business contact is missing; Required workbook fields are incomplete,unique,
YT-UCGMfNDRTFzKAy7UUlNX3wbg,Tech & Lifestyle Creator,youtuber,CA,english,YouTube,https://www.youtube.com/channel/UCGMfNDRTFzKAy7UUlNX3wbg,UCGMfNDRTFzKAy7UUlNX3wbg,,,,,3,0,true,https://www.youtube.com/watch?v=t91rAQymuYo,true,https://www.youtube.com/watch?v=FjWKLL792Yo,business_email,viewswithvilly@gmail.com,https://www.youtube.com/channel/UCGMfNDRTFzKAy7UUlNX3wbg,https://www.youtube.com/channel/UCGMfNDRTFzKAy7UUlNX3wbg,https://www.youtube.com/watch?v=HIn14LSWPEU,2026-09-03,,,rejected,Activity requirement not satisfied,unique,
YT-UCy41QSap0JQh1woYeMkHw-g,Gb Factory,expert_led_creator,GB,english,YouTube,https://www.youtube.com/channel/UCy41QSap0JQh1woYeMkHw-g,UCy41QSap0JQh1woYeMkHw-g,,,,,2,6,false,,true,https://www.youtube.com/watch?v=uY2a2ZisI4Y,,,,https://www.youtube.com/channel/UCy41QSap0JQh1woYeMkHw-g,https://www.youtube.com/watch?v=83TRqmiNXX4,2026-09-03,,,rejected,Commercial activity evidence is missing; Verified public business contact is missing,unique,
YT-UChUSQzd5mlXo_m3uzeVkzeA,TechteamGB,youtuber,GB,english,YouTube,https://www.youtube.com/channel/UChUSQzd5mlXo_m3uzeVkzeA,UChUSQzd5mlXo_m3uzeVkzeA,,,,,13,15,true,https://www.youtube.com/watch?v=P-XJvGxKinQ,false,,,,,https://www.youtube.com/channel/UChUSQzd5mlXo_m3uzeVkzeA,https://www.youtube.com/watch?v=P-XJvGxKinQ,2026-09-03,,,rejected,IncuBrix need evidence is missing; Verified public business contact is missing,unique,
YT-UCUombkp563MuiG294OKZ4jg,GB Tech Reviews,youtuber,GB,english,YouTube,https://www.youtube.com/channel/UCUombkp563MuiG294OKZ4jg,UCUombkp563MuiG294OKZ4jg,,,,,3,0,false,,false,,,,,https://www.youtube.com/channel/UCUombkp563MuiG294OKZ4jg,https://www.youtube.com/watch?v=op1_-2hYvm4,2026-09-03,,,rejected,Activity requirement not satisfied; Commercial activity evidence is missing; IncuBrix need evidence is missing; Verified public business contact is missing,unique,
YT-UClHVl2N3jPEbkNJVx-ItQIQ,HealthyGamerGG,youtuber,US,english,YouTube,https://www.youtube.com/channel/UClHVl2N3jPEbkNJVx-ItQIQ,UClHVl2N3jPEbkNJVx-ItQIQ,,,,,50,7,true,https://www.youtube.com/watch?v=_4x0fRO6w5M,false,,website_business_email,team@healthygamer.gg,https://www.healthygamer.gg/,https://www.youtube.com/channel/UClHVl2N3jPEbkNJVx-ItQIQ,https://www.youtube.com/watch?v=OfPOtN51MpM,2026-09-03,,,rejected,IncuBrix need evidence is missing,unique,
YT-UCFDsxSlQXpLLpVScy2NmbcQ,GD Colon,expert_led_creator,CA,,YouTube,https://www.youtube.com/channel/UCFDsxSlQXpLLpVScy2NmbcQ,UCFDsxSlQXpLLpVScy2NmbcQ,,,,,1,1,false,,false,,,,,https://www.youtube.com/channel/UCFDsxSlQXpLLpVScy2NmbcQ,,2026-09-03,,,rejected,Recent content is not mainly in English; Activity requirement not satisfied; Commercial activity evidence is missing; IncuBrix need evidence is missing; Verified public business contact is missing; Required workbook fields are incomplete,unique,
YT-UCbRP3c757lWg9M-U7TyEkXA,Theo - t3․gg,youtuber,US,english,YouTube,https://www.youtube.com/channel/UCbRP3c757lWg9M-U7TyEkXA,UCbRP3c757lWg9M-U7TyEkXA,,,,,28,34,true,https://www.youtube.com/watch?v=7eCyl40P5jU,false,,,,,https://www.youtube.com/channel/UCbRP3c757lWg9M-U7TyEkXA,https://www.youtube.com/watch?v=7eCyl40P5jU,2026-09-03,,,rejected,IncuBrix need evidence is missing; Verified public business contact is missing,unique,
YT-UChfkklCUjjk-dKZEMPWlIjA,GBH,expert_led_creator,US,english,YouTube,https://www.youtube.com/channel/UChfkklCUjjk-dKZEMPWlIjA,UChfkklCUjjk-dKZEMPWlIjA,,,,,5,0,false,,false,,website_business_email,wgbhnews@wgbh.org,https://www.wgbh.org/gbh-news-contact-page,https://www.youtube.com/channel/UChfkklCUjjk-dKZEMPWlIjA,https://www.youtube.com/watch?v=Y1KnRmUC4Eo,2026-09-03,,,rejected,Activity requirement not satisfied; Commercial activity evidence is missing; IncuBrix need evidence is missing,unique,
YT-UCtue6lMBDn3zGSD5ekpRbew,Spajro,expert_led_creator,US,,YouTube,https://www.youtube.com/channel/UCtue6lMBDn3zGSD5ekpRbew,UCtue6lMBDn3zGSD5ekpRbew,,,,,7,17,false,,false,,,,,https://www.youtube.com/channel/UCtue6lMBDn3zGSD5ekpRbew,,2026-09-03,,,rejected,Recent content is not mainly in English; Commercial activity evidence is missing; IncuBrix need evidence is missing; Verified public business contact is missing; Required workbook fields are incomplete,unique,
YT-UCvJBnzIF127Ff3i2jhjAkVg,Tech Mindset CB,podcaster,US,english,YouTube,https://www.youtube.com/channel/UCvJBnzIF127Ff3i2jhjAkVg,UCvJBnzIF127Ff3i2jhjAkVg,,,,,0,0,false,,true,https://www.youtube.com/watch?v=cNbmKs0gV40,,,,https://www.youtube.com/channel/UCvJBnzIF127Ff3i2jhjAkVg,https://www.youtube.com/watch?v=yVY_r84G-iw,2026-09-03,,,rejected,Activity requirement not satisfied; Commercial activity evidence is missing; Verified public business contact is missing,unique,
YT-UCUaPVV_tQDVKK5fbvh0aNuA,Harsha Verse,expert_led_creator,US,english,YouTube,https://www.youtube.com/channel/UCUaPVV_tQDVKK5fbvh0aNuA,UCUaPVV_tQDVKK5fbvh0aNuA,,,,,6,2,false,,true,https://www.youtube.com/watch?v=MXkOmDk85qU,business_email,workwithharshagb@gmail.com,https://www.youtube.com/channel/UCUaPVV_tQDVKK5fbvh0aNuA,https://www.youtube.com/channel/UCUaPVV_tQDVKK5fbvh0aNuA,https://www.youtube.com/watch?v=uv9cuod_jbw,2026-09-03,,,rejected,Commercial activity evidence is missing,unique,
YT-UCMWGyBykEbDxFigd_7Kz9mg,GB Web Developer,expert_led_creator,US,,YouTube,https://www.youtube.com/channel/UCMWGyBykEbDxFigd_7Kz9mg,UCMWGyBykEbDxFigd_7Kz9mg,,,,,0,0,false,,false,,,,,https://www.youtube.com/channel/UCMWGyBykEbDxFigd_7Kz9mg,,2026-09-03,,,rejected,Recent content is not mainly in English; Activity requirement not satisfied; Commercial activity evidence is missing; IncuBrix need evidence is missing; Verified public business contact is missing; Required workbook fields are incomplete,unique,
YT-UCXUPKJO5MZQN11PqgIvyuvQ,Andrej Karpathy,youtuber,US,,YouTube,https://www.youtube.com/channel/UCXUPKJO5MZQN11PqgIvyuvQ,UCXUPKJO5MZQN11PqgIvyuvQ,,,,,0,0,false,,true,https://www.youtube.com/watch?v=zjkBMFhNj_g,,,,https://www.youtube.com/channel/UCXUPKJO5MZQN11PqgIvyuvQ,,2026-09-03,,,rejected,Recent content is not mainly in English; Activity requirement not satisfied; Commercial activity evidence is missing; Verified public business contact is missing; Required workbook fields are incomplete,unique,
YT-UC9m4lFUjeDdzw1kdTXbrJiQ,GB Create,youtuber,US,,YouTube,https://www.youtube.com/channel/UC9m4lFUjeDdzw1kdTXbrJiQ,UC9m4lFUjeDdzw1kdTXbrJiQ,,,,,8,0,false,,false,,,,,https://www.youtube.com/channel/UC9m4lFUjeDdzw1kdTXbrJiQ,,2026-09-03,,,rejected,Recent content is not mainly in English; Commercial activity evidence is missing; IncuBrix need evidence is missing; Verified public business contact is missing; Required workbook fields are incomplete,unique,
YT-UC5R1S71OG_i40cuZ8fvxwfg,Inventor 101,youtuber,IE,english,YouTube,https://www.youtube.com/channel/UC5R1S71OG_i40cuZ8fvxwfg,UC5R1S71OG_i40cuZ8fvxwfg,,,,,0,1,false,,false,,,,,https://www.youtube.com/channel/UC5R1S71OG_i40cuZ8fvxwfg,https://www.youtube.com/watch?v=LXE-P2sNAmE,2026-09-03,,,rejected,Activity requirement not satisfied; Commercial activity evidence is missing; IncuBrix need evidence is missing; Verified public business contact is missing,unique,
YT-UCBNG0osIBAprVcZZ3ic84vw,Jim Browning,youtuber,GB,english,YouTube,https://www.youtube.com/channel/UCBNG0osIBAprVcZZ3ic84vw,UCBNG0osIBAprVcZZ3ic84vw,,,,,0,0,false,,false,,,,,https://www.youtube.com/channel/UCBNG0osIBAprVcZZ3ic84vw,https://www.youtube.com/watch?v=1qy6CL6WP7I,2026-09-03,,,rejected,Activity requirement not satisfied; Commercial activity evidence is missing; IncuBrix need evidence is missing; Verified public business contact is missing,unique,
YT-UCcKrPXx9ZiNOltJ6if6j0GA,Tech Review Ireland,youtuber,IE,english,YouTube,https://www.youtube.com/channel/UCcKrPXx9ZiNOltJ6if6j0GA,UCcKrPXx9ZiNOltJ6if6j0GA,,,,,0,0,true,https://www.youtube.com/watch?v=YBZ2YtaRgf0,false,,,,,https://www.youtube.com/channel/UCcKrPXx9ZiNOltJ6if6j0GA,https://www.youtube.com/watch?v=0UvBOgfk2ak,2026-09-03,,,rejected,Activity requirement not satisfied; IncuBrix need evidence is missing; Verified public business contact is missing,unique,
YT-UCIgiQVVLG7ELBl8tVkdOggw,CarsIreland.ie,youtuber,IE,english,YouTube,https://www.youtube.com/channel/UCIgiQVVLG7ELBl8tVkdOggw,UCIgiQVVLG7ELBl8tVkdOggw,,,,,0,0,false,,false,,,,,https://www.youtube.com/channel/UCIgiQVVLG7ELBl8tVkdOggw,https://www.youtube.com/watch?v=VxybDE3U0zQ,2026-09-03,,,rejected,Activity requirement not satisfied; Commercial activity evidence is missing; IncuBrix need evidence is missing; Verified public business contact is missing,unique,
YT-UCbLhGKVY-bJPcawebgtNfbw,Altcoin Daily,youtuber,US,english,YouTube,https://www.youtube.com/channel/UCbLhGKVY-bJPcawebgtNfbw,UCbLhGKVY-bJPcawebgtNfbw,,,,,41,17,true,https://www.youtube.com/watch?v=4hX7jlvLi_g,false,,,,,https://www.youtube.com/channel/UCbLhGKVY-bJPcawebgtNfbw,https://www.youtube.com/watch?v=4hX7jlvLi_g,2026-09-03,,,rejected,IncuBrix need evidence is missing; Verified public business contact is missing,unique,
YT-UCXg7gy4XmPZEGr4kumPNGyQ,IELTS Advantage,expert_led_creator,GB,english,YouTube,https://www.youtube.com/channel/UCXg7gy4XmPZEGr4kumPNGyQ,UCXg7gy4XmPZEGr4kumPNGyQ,,,,,12,15,false,,false,,,,,https://www.youtube.com/channel/UCXg7gy4XmPZEGr4kumPNGyQ,https://www.youtube.com/watch?v=rXVR-nE2jvw,2026-09-03,,,rejected,Commercial activity evidence is missing; IncuBrix need evidence is missing; Verified public business contact is missing,unique,
YT-UCLt1ZCWX6QCDWVUElrY5_qA,Super* Review,youtuber,US,english,YouTube,https://www.youtube.com/channel/UCLt1ZCWX6QCDWVUElrY5_qA,UCLt1ZCWX6QCDWVUElrY5_qA,,,,,11,16,true,https://www.youtube.com/watch?v=sDsP8wG9VU8,false,,,,,https://www.youtube.com/channel/UCLt1ZCWX6QCDWVUElrY5_qA,https://www.youtube.com/watch?v=sDsP8wG9VU8,2026-09-03,,,rejected,IncuBrix need evidence is missing; Verified public business contact is missing,unique,
YT-UC6n8I1UDTKP1IWjQMg6_TwA,The B1M,youtuber,GB,english,YouTube,https://www.youtube.com/channel/UC6n8I1UDTKP1IWjQMg6_TwA,UC6n8I1UDTKP1IWjQMg6_TwA,,,,,16,12,false,,false,,,,,https://www.youtube.com/channel/UC6n8I1UDTKP1IWjQMg6_TwA,https://www.youtube.com/watch?v=ZnBIsRFtbsA,2026-09-03,,,rejected,Commercial activity evidence is missing; IncuBrix need evidence is missing; Verified public business contact is missing,unique,
YT-UCIHdDJ0tjn_3j-FS7s_X1kQ,Valuetainment,video_podcaster,US,english,YouTube,https://www.youtube.com/channel/UCIHdDJ0tjn_3j-FS7s_X1kQ,UCIHdDJ0tjn_3j-FS7s_X1kQ,,,,,50,7,false,,false,,,,,https://www.youtube.com/channel/UCIHdDJ0tjn_3j-FS7s_X1kQ,https://www.youtube.com/watch?v=1CVM2o2KrM4,2026-09-03,,,rejected,Commercial activity evidence is missing; IncuBrix need evidence is missing; Verified public business contact is missing,unique,
YT-UCX3l3PzU1hIbsQKauQefh3g,Zi Reviews Tech,youtuber,CA,english,YouTube,https://www.youtube.com/channel/UCX3l3PzU1hIbsQKauQefh3g,UCX3l3PzU1hIbsQKauQefh3g,,,,,0,0,false,,false,,,,,https://www.youtube.com/channel/UCX3l3PzU1hIbsQKauQefh3g,https://www.youtube.com/watch?v=ZlyUu-EfYGY,2026-09-03,,,rejected,Activity requirement not satisfied; Commercial activity evidence is missing; IncuBrix need evidence is missing; Verified public business contact is missing,unique,
YT-UCW6J17hZ_Vgr6cQgd_kHt5A,MobileTechReview,youtuber,US,english,YouTube,https://www.youtube.com/channel/UCW6J17hZ_Vgr6cQgd_kHt5A,UCW6J17hZ_Vgr6cQgd_kHt5A,,,,,1,0,true,https://www.youtube.com/watch?v=0yNQdH20KDE,true,https://www.youtube.com/watch?v=ENx0UAzPL2k,,,,https://www.youtube.com/channel/UCW6J17hZ_Vgr6cQgd_kHt5A,https://www.youtube.com/watch?v=ENx0UAzPL2k,2026-09-03,,,rejected,Activity requirement not satisfied; Verified public business contact is missing,unique,
YT-UChWigmcpi0rkFe0nwMOFwRg,Ian Carey,expert_led_creator,IE,,YouTube,https://www.youtube.com/channel/UChWigmcpi0rkFe0nwMOFwRg,UChWigmcpi0rkFe0nwMOFwRg,,,,,1,1,true,https://www.youtube.com/watch?v=5lkewU3InwY,false,,,,,https://www.youtube.com/channel/UChWigmcpi0rkFe0nwMOFwRg,,2026-09-03,,,rejected,Recent content is not mainly in English; Activity requirement not satisfied; IncuBrix need evidence is missing; Verified public business contact is missing; Required workbook fields are incomplete,unique,
YT-UC8URMa1fI4rlaLc-Lhev2fQ,Ryan McBeth,expert_led_creator,US,english,YouTube,https://www.youtube.com/channel/UC8URMa1fI4rlaLc-Lhev2fQ,UC8URMa1fI4rlaLc-Lhev2fQ,,,,,50,18,true,https://www.youtube.com/watch?v=Q4S-emd5iK4,false,,website_business_email,support-in@google.com,https://www.youtube.com/t/contact_us/,https://www.youtube.com/channel/UC8URMa1fI4rlaLc-Lhev2fQ,https://www.youtube.com/watch?v=evLPzTr3DAo,2026-09-03,,,rejected,IncuBrix need evidence is missing,unique,
YT-UCb-d2dCbEt_T-d3qf3oMICw,Khalid Farhan,youtuber,IE,,YouTube,https://www.youtube.com/channel/UCb-d2dCbEt_T-d3qf3oMICw,UCb-d2dCbEt_T-d3qf3oMICw,,,,,4,8,false,,false,,,,,https://www.youtube.com/channel/UCb-d2dCbEt_T-d3qf3oMICw,,2026-09-03,,,rejected,Recent content is not mainly in English; Commercial activity evidence is missing; IncuBrix need evidence is missing; Verified public business contact is missing; Required workbook fields are incomplete,unique,
YT-UC_EJBSPUTFORXV6gbQFdRgA,Creator Academy Australia,expert_led_creator,AU,english,YouTube,https://www.youtube.com/channel/UC_EJBSPUTFORXV6gbQFdRgA,UC_EJBSPUTFORXV6gbQFdRgA,,,,,5,2,false,,false,,,,,https://www.youtube.com/channel/UC_EJBSPUTFORXV6gbQFdRgA,https://www.youtube.com/watch?v=PTjrrd2K6_A,2026-09-03,,,rejected,Commercial activity evidence is missing; IncuBrix need evidence is missing; Verified public business contact is missing,unique,
YT-UCAL3JXZSzSm8AlZyD3nQdBA,Primitive Technology,expert_led_creator,AU,english,YouTube,https://www.youtube.com/channel/UCAL3JXZSzSm8AlZyD3nQdBA,UCAL3JXZSzSm8AlZyD3nQdBA,,,,,1,2,false,,false,,,,,https://www.youtube.com/channel/UCAL3JXZSzSm8AlZyD3nQdBA,https://www.youtube.com/watch?v=j4lS236jEjs,2026-09-03,,,rejected,Commercial activity evidence is missing; IncuBrix need evidence is missing; Verified public business contact is missing,unique,
YT-UC537JDy08APtBQio10fo_MA,Stratos Technology Partners,youtuber,NZ,english,YouTube,https://www.youtube.com/channel/UC537JDy08APtBQio10fo_MA,UC537JDy08APtBQio10fo_MA,,,,,1,3,false,,true,https://www.youtube.com/watch?v=sQ5H8mRfGUk,,,,https://www.youtube.com/channel/UC537JDy08APtBQio10fo_MA,https://www.youtube.com/watch?v=sQ5H8mRfGUk,2026-09-03,,,rejected,Commercial activity evidence is missing; Verified public business contact is missing,unique,
YT-UCYq_PORdOia41QY6GLSAlKg,Thermaltake Australia,expert_led_creator,AU,english,YouTube,https://www.youtube.com/channel/UCYq_PORdOia41QY6GLSAlKg,UCYq_PORdOia41QY6GLSAlKg,,,,,10,0,false,,false,,,,,https://www.youtube.com/channel/UCYq_PORdOia41QY6GLSAlKg,https://www.youtube.com/watch?v=RaPeVm09s0w,2026-09-03,,,rejected,Commercial activity evidence is missing; IncuBrix need evidence is missing; Verified public business contact is missing,unique,
YT-UC0Rqs6pyPoGaMT5HFMFdslg,Synthesia,expert_led_creator,GB,english,YouTube,https://www.youtube.com/channel/UC0Rqs6pyPoGaMT5HFMFdslg,UC0Rqs6pyPoGaMT5HFMFdslg,,,,,11,0,false,,true,https://www.youtube.com/watch?v=GZ40nLEoYOA,,,,https://www.youtube.com/channel/UC0Rqs6pyPoGaMT5HFMFdslg,https://www.youtube.com/watch?v=dNRf5NnLgYM,2026-09-03,,,rejected,Commercial activity evidence is missing; Verified public business contact is missing,unique,
YT-UCa73nxjqtagkzAskePoPgNw,AU Studio (Ai Creation),youtuber,GB,english,YouTube,https://www.youtube.com/channel/UCa73nxjqtagkzAskePoPgNw,UCa73nxjqtagkzAskePoPgNw,,,,,0,0,false,,true,https://www.youtube.com/watch?v=sxF2mSzqyO8,business_email,austudio677@gmail.com,https://www.youtube.com/channel/UCa73nxjqtagkzAskePoPgNw,https://www.youtube.com/channel/UCa73nxjqtagkzAskePoPgNw,https://www.youtube.com/watch?v=sxF2mSzqyO8,2026-09-03,,,rejected,Activity requirement not satisfied; Commercial activity evidence is missing,unique,
YT-UCso6mNV0Pc-YK3OKb6Yds8Q,Au Tech,youtuber,AU,english,YouTube,https://www.youtube.com/channel/UCso6mNV0Pc-YK3OKb6Yds8Q,UCso6mNV0Pc-YK3OKb6Yds8Q,,,,,50,0,false,,false,,,,,https://www.youtube.com/channel/UCso6mNV0Pc-YK3OKb6Yds8Q,https://www.youtube.com/watch?v=By-tjVkG0r0,2026-09-03,,,rejected,Commercial activity evidence is missing; IncuBrix need evidence is missing; Verified public business contact is missing,unique,
YT-UCI2pr_STcgdwwUvT9i6HQSA,Bas Tech Australia,youtuber,AU,english,YouTube,https://www.youtube.com/channel/UCI2pr_STcgdwwUvT9i6HQSA,UCI2pr_STcgdwwUvT9i6HQSA,,,,,0,0,false,,false,,,,,https://www.youtube.com/channel/UCI2pr_STcgdwwUvT9i6HQSA,https://www.youtube.com/watch?v=6P08FsqF01U,2026-09-03,,,rejected,Activity requirement not satisfied; Commercial activity evidence is missing; IncuBrix need evidence is missing; Verified public business contact is missing,unique,
YT-UCVgO39Bk5sMo66-6o6Spn6Q,ABC News (Australia),youtuber,AU,english,YouTube,https://www.youtube.com/channel/UCVgO39Bk5sMo66-6o6Spn6Q,UCVgO39Bk5sMo66-6o6Spn6Q,,,,,50,3,false,,false,,website_business_email,support-in@google.com,https://www.youtube.com/t/contact_us/,https://www.youtube.com/channel/UCVgO39Bk5sMo66-6o6Spn6Q,https://www.youtube.com/watch?v=Dx02qFhtTOA,2026-09-03,,,rejected,Commercial activity evidence is missing; IncuBrix need evidence is missing,unique,
YT-UCA0oGVOCn4ZvPlBSf1p3JpQ,Táctile Tech AU,youtuber,AU,,YouTube,https://www.youtube.com/channel/UCA0oGVOCn4ZvPlBSf1p3JpQ,UCA0oGVOCn4ZvPlBSf1p3JpQ,,,,,0,0,false,,false,,,,,https://www.youtube.com/channel/UCA0oGVOCn4ZvPlBSf1p3JpQ,,2026-09-03,,,rejected,Recent content is not mainly in English; Activity requirement not satisfied; Commercial activity evidence is missing; IncuBrix need evidence is missing; Verified public business contact is missing; Required workbook fields are incomplete,unique,
YT-UCsbbj8ih8198oQP1TmpPS1g,AU “303” TECH,youtuber,AU,,YouTube,https://www.youtube.com/channel/UCsbbj8ih8198oQP1TmpPS1g,UCsbbj8ih8198oQP1TmpPS1g,,,,,0,0,false,,false,,,,,https://www.youtube.com/channel/UCsbbj8ih8198oQP1TmpPS1g,,2026-09-03,,,rejected,Recent content is not mainly in English; Activity requirement not satisfied; Commercial activity evidence is missing; IncuBrix need evidence is missing; Verified public business contact is missing; Required workbook fields are incomplete,unique,
YT-UCML-IRb2g66A44iK1y_OLeQ,Financial Review,youtuber,AU,english,YouTube,https://www.youtube.com/channel/UCML-IRb2g66A44iK1y_OLeQ,UCML-IRb2g66A44iK1y_OLeQ,,,,,12,25,true,https://www.youtube.com/watch?v=LCXaMg_3IkE,false,,,,,https://www.youtube.com/channel/UCML-IRb2g66A44iK1y_OLeQ,https://www.youtube.com/watch?v=LCXaMg_3IkE,2026-09-03,,,rejected,IncuBrix need evidence is missing; Verified public business contact is missing,unique,
YT-UC5tUi0nhIWLJvO_oWxuzekw,all things tech,youtuber,GB,english,YouTube,https://www.youtube.com/channel/UC5tUi0nhIWLJvO_oWxuzekw,UC5tUi0nhIWLJvO_oWxuzekw,,,,,5,2,true,https://www.youtube.com/watch?v=3CeX45frSns,false,,,,,https://www.youtube.com/channel/UC5tUi0nhIWLJvO_oWxuzekw,https://www.youtube.com/watch?v=3CeX45frSns,2026-09-03,,,rejected,IncuBrix need evidence is missing; Verified public business contact is missing,unique,
YT-UCi7wDE2ZTiR5QYYrUY5WhtA,CarterPCs,youtuber,US,english,YouTube,https://www.youtube.com/channel/UCi7wDE2ZTiR5QYYrUY5WhtA,UCi7wDE2ZTiR5QYYrUY5WhtA,,,,,50,0,false,,false,,,,,https://www.youtube.com/channel/UCi7wDE2ZTiR5QYYrUY5WhtA,https://www.youtube.com/watch?v=QATSM8k4zWo,2026-09-03,,,rejected,Commercial activity evidence is missing; IncuBrix need evidence is missing; Verified public business contact is missing,unique,
YT-UCtSZA2S6avt3elQ79iqDhxg,Concentrate,youtuber,NZ,english,YouTube,https://www.youtube.com/channel/UCtSZA2S6avt3elQ79iqDhxg,UCtSZA2S6avt3elQ79iqDhxg,,,,,0,0,false,,false,,,,,https://www.youtube.com/channel/UCtSZA2S6avt3elQ79iqDhxg,https://www.youtube.com/watch?v=moT7jV5Hoz0,2026-09-03,,,rejected,Activity requirement not satisfied; Commercial activity evidence is missing; IncuBrix need evidence is missing; Verified public business contact is missing,unique,
YT-UCdXieuftT9fJC3ou8jH-gKg,New Zealand,youtuber,NZ,english,YouTube,https://www.youtube.com/channel/UCdXieuftT9fJC3ou8jH-gKg,UCdXieuftT9fJC3ou8jH-gKg,,,,,0,0,false,,true,https://www.youtube.com/watch?v=35s6olnHI8s,,,,https://www.youtube.com/channel/UCdXieuftT9fJC3ou8jH-gKg,https://www.youtube.com/watch?v=uXguXBF6DLQ,2026-09-03,,,rejected,Activity requirement not satisfied; Commercial activity evidence is missing; Verified public business contact is missing,unique,
YT-UCqYUvne8tJqdlWVhfBhMyQg,Mitsubishi Electric in NZ,youtuber,NZ,english,YouTube,https://www.youtube.com/channel/UCqYUvne8tJqdlWVhfBhMyQg,UCqYUvne8tJqdlWVhfBhMyQg,,,,,0,0,false,,false,,,,,https://www.youtube.com/channel/UCqYUvne8tJqdlWVhfBhMyQg,https://www.youtube.com/watch?v=quEQr_8BvYc,2026-09-03,,,rejected,Activity requirement not satisfied; Commercial activity evidence is missing; IncuBrix need evidence is missing; Verified public business contact is missing,unique,
YT-UC0P9ePBdvSvrP338SnyTXtQ,IT Latinos New Zealand,youtuber,NZ,,YouTube,https://www.youtube.com/channel/UC0P9ePBdvSvrP338SnyTXtQ,UC0P9ePBdvSvrP338SnyTXtQ,,,,,0,0,false,,false,,,,,https://www.youtube.com/channel/UC0P9ePBdvSvrP338SnyTXtQ,,2026-09-03,,,rejected,Recent content is not mainly in English; Activity requirement not satisfied; Commercial activity evidence is missing; IncuBrix need evidence is missing; Verified public business contact is missing; Required workbook fields are incomplete,unique,
YT-UCVlaHY5N_iU47o5uz6W5zdA,Ecotricity NZ,youtuber,NZ,english,YouTube,https://www.youtube.com/channel/UCVlaHY5N_iU47o5uz6W5zdA,UCVlaHY5N_iU47o5uz6W5zdA,,,,,0,1,true,https://www.youtube.com/watch?v=8603JNZCkec,false,,,,,https://www.youtube.com/channel/UCVlaHY5N_iU47o5uz6W5zdA,https://www.youtube.com/watch?v=8603JNZCkec,2026-09-03,,,rejected,Activity requirement not satisfied; IncuBrix need evidence is missing; Verified public business contact is missing,unique,
YT-UCkht3OD4_0WqWOTnbdvO4-A,NZ Tech Rally,youtuber,NZ,english,YouTube,https://www.youtube.com/channel/UCkht3OD4_0WqWOTnbdvO4-A,UCkht3OD4_0WqWOTnbdvO4-A,,,,,2,5,false,,true,https://www.youtube.com/watch?v=YsU8CE6d6q0,,,,https://www.youtube.com/channel/UCkht3OD4_0WqWOTnbdvO4-A,https://www.youtube.com/watch?v=YsU8CE6d6q0,2026-09-03,,,rejected,Commercial activity evidence is missing; Verified public business contact is missing,unique,
YT-UCIzHcYatHCoJ5gLOOCA-Z5g,Tech Bytes,youtuber,NZ,english,YouTube,https://www.youtube.com/channel/UCIzHcYatHCoJ5gLOOCA-Z5g,UCIzHcYatHCoJ5gLOOCA-Z5g,,,,,4,0,true,https://www.youtube.com/watch?v=FKg0cNtDEWo,false,,,,,https://www.youtube.com/channel/UCIzHcYatHCoJ5gLOOCA-Z5g,https://www.youtube.com/watch?v=NseLXXWmPMs,2026-09-03,,,rejected,Activity requirement not satisfied; IncuBrix need evidence is missing; Verified public business contact is missing,unique,
YT-UC2KwzHfNmQ4psSEstfgHCug,Tech New Zealand,youtuber,NZ,english,YouTube,https://www.youtube.com/channel/UC2KwzHfNmQ4psSEstfgHCug,UC2KwzHfNmQ4psSEstfgHCug,,,,,0,0,false,,false,,,,,https://www.youtube.com/channel/UC2KwzHfNmQ4psSEstfgHCug,https://www.youtube.com/watch?v=0yBZ7M0jRPQ,2026-09-03,,,rejected,Activity requirement not satisfied; Commercial activity evidence is missing; IncuBrix need evidence is missing; Verified public business contact is missing,unique,
YT-UC3fJBydFD0TBDniigCFhKLg,NZ Tech Podcast,podcaster,NZ,english,YouTube,https://www.youtube.com/channel/UC3fJBydFD0TBDniigCFhKLg,UC3fJBydFD0TBDniigCFhKLg,,,,,6,9,false,,true,https://www.youtube.com/watch?v=8icWh6NbGaU,,,,https://www.youtube.com/channel/UC3fJBydFD0TBDniigCFhKLg,https://www.youtube.com/watch?v=jwTpCT741Dg,2026-09-03,,,rejected,Commercial activity evidence is missing; Verified public business contact is missing,unique,
YT-UCsy9I56PY3IngCf_VGjunMQ,Zeihan on Geopolitics,youtuber,US,english,YouTube,https://www.youtube.com/channel/UCsy9I56PY3IngCf_VGjunMQ,UCsy9I56PY3IngCf_VGjunMQ,,,,,23,1,false,,false,,,,,https://www.youtube.com/channel/UCsy9I56PY3IngCf_VGjunMQ,https://www.youtube.com/watch?v=TU7KVw9j060,2026-09-03,,,rejected,Commercial activity evidence is missing; IncuBrix need evidence is missing; Verified public business contact is missing,unique,
YT-UCccuOf10kjRScSr-GbZatKQ,PB Tech,youtuber,NZ,english,YouTube,https://www.youtube.com/channel/UCccuOf10kjRScSr-GbZatKQ,UCccuOf10kjRScSr-GbZatKQ,,,,,8,2,false,,false,,,,,https://www.youtube.com/channel/UCccuOf10kjRScSr-GbZatKQ,https://www.youtube.com/watch?v=t1t011AyJfA,2026-09-03,,,rejected,Commercial activity evidence is missing; IncuBrix need evidence is missing; Verified public business contact is missing,unique,
YT-UCmFELqUHlzeE4z97teEn_mA,nzHook,expert_led_creator,NZ,english,YouTube,https://www.youtube.com/channel/UCmFELqUHlzeE4z97teEn_mA,UCmFELqUHlzeE4z97teEn_mA,,,,,0,0,false,,true,https://www.youtube.com/watch?v=Nme3nJlVPIA,,,,https://www.youtube.com/channel/UCmFELqUHlzeE4z97teEn_mA,https://www.youtube.com/watch?v=fSwXqgWuV9g,2026-09-03,,,rejected,Activity requirement not satisfied; Commercial activity evidence is missing; Verified public business contact is missing,unique,
YT-UCRRwnm9JgcT8kU3cd5iLS7A,Baha'i on Air,expert_led_creator,NZ,english,YouTube,https://www.youtube.com/channel/UCRRwnm9JgcT8kU3cd5iLS7A,UCRRwnm9JgcT8kU3cd5iLS7A,,,,,0,0,false,,false,,,,,https://www.youtube.com/channel/UCRRwnm9JgcT8kU3cd5iLS7A,https://www.youtube.com/watch?v=ZPt1X4GgTT0,2026-09-03,,,rejected,Activity requirement not satisfied; Commercial activity evidence is missing; IncuBrix need evidence is missing; Verified public business contact is missing,unique,
YT-UCOXH7y6qXvdVk5snSqjq3Yw,First Church Truth of God Broadcast,youtuber,US,english,YouTube,https://www.youtube.com/channel/UCOXH7y6qXvdVk5snSqjq3Yw,UCOXH7y6qXvdVk5snSqjq3Yw,,,,,22,33,false,,false,,,,,https://www.youtube.com/channel/UCOXH7y6qXvdVk5snSqjq3Yw,,2026-09-03,,,rejected,Commercial activity evidence is missing; IncuBrix need evidence is missing; Verified public business contact is missing,unique,
YT-UCCTMBvcaj2Mpps6LSymmJKA,Info-Tech Singapore,youtuber,SG,english,YouTube,https://www.youtube.com/channel/UCCTMBvcaj2Mpps6LSymmJKA,UCCTMBvcaj2Mpps6LSymmJKA,,,,,19,1,false,,true,https://www.youtube.com/watch?v=PyKxRaK6MVA,,,,https://www.youtube.com/channel/UCCTMBvcaj2Mpps6LSymmJKA,https://www.youtube.com/watch?v=b6OY15o-Qng,2026-09-03,,,rejected,Commercial activity evidence is missing; Verified public business contact is missing,unique,
YT-UC_3uvxVduhd3vLOhfAwV2xw,Asia Tech x Singapore,youtuber,SG,english,YouTube,https://www.youtube.com/channel/UC_3uvxVduhd3vLOhfAwV2xw,UC_3uvxVduhd3vLOhfAwV2xw,,,,,25,6,false,,true,https://www.youtube.com/watch?v=THrDf82yKWI,,,,https://www.youtube.com/channel/UC_3uvxVduhd3vLOhfAwV2xw,https://www.youtube.com/watch?v=YLRxF4hIlqc,2026-09-03,,,rejected,Commercial activity evidence is missing; Verified public business contact is missing,unique,
YT-UCKM0KS87-G1ntnfrY3SOnhg,Enigma Fotos Reviews,youtuber,US,english,YouTube,https://www.youtube.com/channel/UCKM0KS87-G1ntnfrY3SOnhg,UCKM0KS87-G1ntnfrY3SOnhg,,,,,3,3,false,,false,,,,,https://www.youtube.com/channel/UCKM0KS87-G1ntnfrY3SOnhg,https://www.youtube.com/watch?v=Soj32Oam5po,2026-09-03,,,rejected,Commercial activity evidence is missing; IncuBrix need evidence is missing; Verified public business contact is missing,unique,
YT-UC31dj8IqKqlZrTJAsvpX6Ow,Technology Tips SG,expert_led_creator,SG,english,YouTube,https://www.youtube.com/channel/UC31dj8IqKqlZrTJAsvpX6Ow,UC31dj8IqKqlZrTJAsvpX6Ow,,,,,0,0,false,,false,,,,,https://www.youtube.com/channel/UC31dj8IqKqlZrTJAsvpX6Ow,https://www.youtube.com/watch?v=iXoSacoyqP4,2026-09-03,,,rejected,Activity requirement not satisfied; Commercial activity evidence is missing; IncuBrix need evidence is missing; Verified public business contact is missing,unique,
YT-UCbluSlrGF4NqTjuNQnD79Lw,Evangeline,expert_led_creator,US,english,YouTube,https://www.youtube.com/channel/UCbluSlrGF4NqTjuNQnD79Lw,UCbluSlrGF4NqTjuNQnD79Lw,,,,,0,0,true,https://www.youtube.com/watch?v=523GZFLVOh8,true,https://www.youtube.com/watch?v=KabI4SQ5MFQ,,,,https://www.youtube.com/channel/UCbluSlrGF4NqTjuNQnD79Lw,https://www.youtube.com/watch?v=4xNjwiNE8Ew,2026-09-03,,,rejected,Activity requirement not satisfied; Verified public business contact is missing,unique,
YT-UCk_7zwoUPjV4VbofWhHbJZg,gazi,youtuber,CA,english,YouTube,https://www.youtube.com/channel/UCk_7zwoUPjV4VbofWhHbJZg,UCk_7zwoUPjV4VbofWhHbJZg,,,,,7,1,false,,true,https://www.youtube.com/watch?v=7dzG-SFp5-Y,,,,https://www.youtube.com/channel/UCk_7zwoUPjV4VbofWhHbJZg,https://www.youtube.com/watch?v=7dzG-SFp5-Y,2026-09-03,,,rejected,Activity requirement not satisfied; Commercial activity evidence is missing; Verified public business contact is missing,unique,
YT-UCts5bOyUOFC4LLeJKf-IILA,Getcha Solutions,expert_led_creator,SG,english,YouTube,https://www.youtube.com/channel/UCts5bOyUOFC4LLeJKf-IILA,UCts5bOyUOFC4LLeJKf-IILA,,,,,2,0,false,,true,https://www.youtube.com/watch?v=ct78mFLpEGk,,,,https://www.youtube.com/channel/UCts5bOyUOFC4LLeJKf-IILA,https://www.youtube.com/watch?v=LZC600s4q2A,2026-09-03,,,rejected,Activity requirement not satisfied; Commercial activity evidence is missing; Verified public business contact is missing,unique,
YT-UC5DNytAJ6_FISueUfzZCVsw,Code with Ania Kubów,expert_led_creator,GB,english,YouTube,https://www.youtube.com/channel/UC5DNytAJ6_FISueUfzZCVsw,UC5DNytAJ6_FISueUfzZCVsw,,,,,13,3,false,,false,,,,,https://www.youtube.com/channel/UC5DNytAJ6_FISueUfzZCVsw,https://www.youtube.com/watch?v=Pkrc_OPQ7LQ,2026-09-03,,,rejected,Commercial activity evidence is missing; IncuBrix need evidence is missing; Verified public business contact is missing,unique,
YT-UCrX82yEXXwe9_mOO5SZahiA,Computhink SG,youtuber,SG,english,YouTube,https://www.youtube.com/channel/UCrX82yEXXwe9_mOO5SZahiA,UCrX82yEXXwe9_mOO5SZahiA,,,,,0,0,false,,false,,,,,https://www.youtube.com/channel/UCrX82yEXXwe9_mOO5SZahiA,https://www.youtube.com/watch?v=oPQiek0oV74,2026-09-03,,,rejected,Activity requirement not satisfied; Commercial activity evidence is missing; IncuBrix need evidence is missing; Verified public business contact is missing,unique,
YT-UCipCbLIUfmi5j9KIm0pARaA,The AI Observer,expert_led_creator,US,english,YouTube,https://www.youtube.com/channel/UCipCbLIUfmi5j9KIm0pARaA,UCipCbLIUfmi5j9KIm0pARaA,,,,,0,0,false,,true,https://www.youtube.com/watch?v=jHEvxZfN9Po,,,,https://www.youtube.com/channel/UCipCbLIUfmi5j9KIm0pARaA,https://www.youtube.com/watch?v=e0NO4HgMgXU,2026-09-03,,,rejected,Activity requirement not satisfied; Commercial activity evidence is missing; Verified public business contact is missing,unique,
YT-UCUrmJoJkwmsuhmMJ5qX1SVQ,"PixelStudio, NLB",expert_led_creator,SG,english,YouTube,https://www.youtube.com/channel/UCUrmJoJkwmsuhmMJ5qX1SVQ,UCUrmJoJkwmsuhmMJ5qX1SVQ,,,,,0,0,false,,false,,,,,https://www.youtube.com/channel/UCUrmJoJkwmsuhmMJ5qX1SVQ,https://www.youtube.com/watch?v=39pBdVH88cI,2026-09-03,,,rejected,Activity requirement not satisfied; Commercial activity evidence is missing; IncuBrix need evidence is missing; Verified public business contact is missing,unique,
YT-UC25D4X_7gtZ9cLXac1vCB_g,Analytico AI,expert_led_creator,SG,,YouTube,https://www.youtube.com/channel/UC25D4X_7gtZ9cLXac1vCB_g,UC25D4X_7gtZ9cLXac1vCB_g,,,,,0,0,false,,true,https://www.youtube.com/watch?v=kRu0X4en2Ec,,,,https://www.youtube.com/channel/UC25D4X_7gtZ9cLXac1vCB_g,,2026-09-03,,,rejected,Recent content is not mainly in English; Activity requirement not satisfied; Commercial activity evidence is missing; Verified public business contact is missing; Required workbook fields are incomplete,unique,
YT-UCl1Nchcs40rIPA-dP3-BHMw,The Analytics Show,podcaster,AU,english,YouTube,https://www.youtube.com/channel/UCl1Nchcs40rIPA-dP3-BHMw,UCl1Nchcs40rIPA-dP3-BHMw,,,,,0,0,false,,true,https://www.youtube.com/watch?v=bLS6-4ICTPY,,,,https://www.youtube.com/channel/UCl1Nchcs40rIPA-dP3-BHMw,https://www.youtube.com/watch?v=bLS6-4ICTPY,2026-09-03,,,rejected,Activity requirement not satisfied; Commercial activity evidence is missing; Verified public business contact is missing,unique,
YT-UCYAtVgUBjGD3co3yYRofgTA,Singapore Polytechnic PACE Academy,expert_led_creator,SG,english,YouTube,https://www.youtube.com/channel/UCYAtVgUBjGD3co3yYRofgTA,UCYAtVgUBjGD3co3yYRofgTA,,,,,4,0,false,,true,https://www.youtube.com/watch?v=ylS5M9N_kCs,,,,https://www.youtube.com/channel/UCYAtVgUBjGD3co3yYRofgTA,https://www.youtube.com/watch?v=Jqf8UirANp8,2026-09-03,,,rejected,Activity requirement not satisfied; Commercial activity evidence is missing; Verified public business contact is missing,unique,
